sampleName,cellLine,numberCells,technique,ip,patient,treatment,experimentName,biologicalReplicate,technicalReplicate,filePath,genome,readType,readLength,controlSampleName,readCount,unpaired,unaligned,unique,multiple,alignmentRate,totalReads,unpairedReadsExamined,readPairsExamined,unmappedReads,unpairedReadDuplicates,readPairDuplicates,readPairOpticalDuplicates,percentDuplication,estimatedLibrarySize,NSC,RSC,qualityTag
K562_100K_CM_CTCF_nan_nan_0_0_hg19,K562,100K,CM,CTCF,,,,0,0,/fhgfs/groups/lab_bock/shared/projects/chipmentation/data/mapped/K562_100K_CM_CTCF_nan_nan_0_0_hg19.trimmed.bowtie2.shifted.dups.bam,hg19,SE,50.0,,,,,,,,,,,,,,,,,1.046316,0.1170438,-2.0
K562_100K_CM_CTCF_nan_nan_1_1_hg19,K562,100K,CM,CTCF,,,CM26-2,1,1,/fhgfs/groups/lab_bock/shared/projects/chipmentation/data/mapped/K562_100K_CM_CTCF_nan_nan_1_1_hg19.trimmed.bowtie2.shifted.dups.bam,hg19,SE,50.0,,11497781.0,11497781.0,1986657.0,7132941.0,2378183.0,82.0,,9447215.0,0.0,0.0,2328341.0,0.0,0.0,24.645799999999998,,1.570829,0.154803,-2.0
K562_100K_CM_CTCF_nan_nan_2_1_hg19,K562,100K,CM,CTCF,,,CM27-1,2,1,/fhgfs/groups/lab_bock/shared/projects/chipmentation/data/mapped/K562_100K_CM_CTCF_nan_nan_2_1_hg19.trimmed.bowtie2.shifted.dups.bam,hg19,SE,50.0,,10725153.0,10725153.0,168479.0,7659505.0,2897169.0,98.0,,10461301.0,0.0,0.0,3717768.0,0.0,0.0,35.5383,,1.051293,0.127284,-2.0
K562_100K_CM_GATA1_nan_nan_0_0_hg19,K562,100K,CM,GATA1,,,,0,0,/fhgfs/groups/lab_bock/shared/projects/chipmentation/data/mapped/K562_100K_CM_GATA1_nan_nan_0_0_hg19.trimmed.bowtie2.shifted.dups.bam,hg19,SE,50.0,,,,,,,,,,,,,,,,,1.029312,0.1163215,-2.0
K562_100K_CM_GATA1_nan_nan_1_1_hg19,K562,100K,CM,GATA1,,,CM26-11,1,1,/fhgfs/groups/lab_bock/shared/projects/chipmentation/data/mapped/K562_100K_CM_GATA1_nan_nan_1_1_hg19.trimmed.bowtie2.shifted.dups.bam,hg19,SE,50.0,,12073362.0,12073362.0,255700.0,8852351.0,2965311.0,97.0,,11740704.0,0.0,0.0,1993288.0,0.0,0.0,16.977600000000002,,1.031833,0.1080051,-2.0
K562_100K_CM_GATA1_nan_nan_2_1_hg19,K562,100K,CM,GATA1,,,CM27-3,2,1,/fhgfs/groups/lab_bock/shared/projects/chipmentation/data/mapped/K562_100K_CM_GATA1_nan_nan_2_1_hg19.trimmed.bowtie2.shifted.dups.bam,hg19,SE,50.0,,10182490.0,10182490.0,151158.0,7225218.0,2806114.0,98.0,,9922936.0,0.0,0.0,2053209.0,0.0,0.0,20.691500000000001,,1.03713,0.1056324,-2.0
K562_100K_CM_REST_nan_nan_0_0_hg19,K562,100K,CM,REST,,,,0,0,/fhgfs/groups/lab_bock/shared/projects/chipmentation/data/mapped/K562_100K_CM_REST_nan_nan_0_0_hg19.trimmed.bowtie2.shifted.dups.bam,hg19,SE,50.0,,,,,,,,,,,,,,,,,1.024986,0.1644366,-2.0
K562_100K_CM_REST_nan_nan_1_0_hg19,K562,100K,CM,REST,,,,1,0,/fhgfs/groups/lab_bock/shared/projects/chipmentation/data/mapped/K562_100K_CM_REST_nan_nan_1_0_hg19.trimmed.bowtie2.shifted.dups.bam,hg19,SE,50.0,,,,,,,,,,,,,,,,,1.182912,0.2177623,-2.0
K562_100K_CM_REST_nan_nan_1_1_hg19,K562,100K,CM,REST,,,CM26-12,1,1,/fhgfs/groups/lab_bock/shared/projects/chipmentation/data/mapped/K562_100K_CM_REST_nan_nan_1_1_hg19.trimmed.bowtie2.shifted.dups.bam,hg19,SE,50.0,,5130442.0,5130442.0,294786.0,3617802.0,1217854.0,94.0,,4802628.0,0.0,0.0,434745.0,0.0,0.0,9.0522000000000009,,1.670154,0.4051844,-1.0
K562_100K_CM_REST_nan_nan_1_2_hg19,K562,100K,CM,REST,,,CM26-12,1,2,/fhgfs/groups/lab_bock/shared/projects/chipmentation/data/mapped/K562_100K_CM_REST_nan_nan_1_2_hg19.trimmed.bowtie2.shifted.dups.bam,hg19,SE,50.0,,5575777.0,5575777.0,284748.0,3866250.0,1424779.0,94.0,,5250808.0,0.0,0.0,485227.0,0.0,0.0,9.2410000000000014,,1.041657,0.08022923,-2.0
K562_100K_CM_REST_nan_nan_2_1_hg19,K562,100K,CM,REST,,,CM27-6,2,1,/fhgfs/groups/lab_bock/shared/projects/chipmentation/data/mapped/K562_100K_CM_REST_nan_nan_2_1_hg19.trimmed.bowtie2.shifted.dups.bam,hg19,SE,50.0,,10233072.0,10233072.0,811745.0,6715971.0,2705356.0,92.0,,9322729.0,0.0,0.0,1552756.0,0.0,0.0,16.6556,,1.059978,0.1703386,-2.0
K562_10K_CM_H3K27ME3_nan_nan_0_0_hg19,K562,10K,CM,H3K27ME3,,,,0,0,/fhgfs/groups/lab_bock/shared/projects/chipmentation/data/mapped/K562_10K_CM_H3K27ME3_nan_nan_0_0_hg19.trimmed.bowtie2.shifted.dups.bam,hg19,SE,50.0,,49984749.0,49984749.0,961695.0,35589343.0,13433711.0,98.0,,48478366.0,0.0,0.0,6967882.0,0.0,0.0,14.373200000000001,,1.033197,0.08015412,-2.0
K562_10K_CM_H3K27ME3_nan_nan_1_0_hg19,K562,10K,CM,H3K27ME3,,,,1,0,/fhgfs/groups/lab_bock/shared/projects/chipmentation/data/mapped/K562_10K_CM_H3K27ME3_nan_nan_1_0_hg19.trimmed.bowtie2.shifted.dups.bam,hg19,SE,50.0,,23965157.0,23965157.0,462867.0,17121865.0,6380425.0,98.0,,23249550.0,0.0,0.0,3329687.0,0.0,0.0,14.3215,,1.009326,0.1199643,-2.0
K562_10K_CM_H3K27ME3_nan_nan_1_1_hg19,K562,10K,CM,H3K27ME3,,,CM11-6,1,1,/fhgfs/groups/lab_bock/shared/projects/chipmentation/data/mapped/K562_10K_CM_H3K27ME3_nan_nan_1_1_hg19.trimmed.bowtie2.shifted.dups.bam,hg19,SE,50.0,,14273208.0,14273208.0,277505.0,10212049.0,3783654.0,98.0,,13846194.0,0.0,0.0,1397008.0,0.0,0.0,10.089499999999999,,1.012,0.09796095,-2.0
K562_10K_CM_H3K27ME3_nan_nan_1_2_hg19,K562,10K,CM,H3K27ME3,,,CM11-6,1,2,/fhgfs/groups/lab_bock/shared/projects/chipmentation/data/mapped/K562_10K_CM_H3K27ME3_nan_nan_1_2_hg19.trimmed.bowtie2.shifted.dups.bam,hg19,SE,50.0,,9691949.0,9691949.0,185362.0,6909816.0,2596771.0,98.0,,9403357.0,0.0,0.0,710222.0,0.0,0.0,7.5529000000000002,,1.221339,0.07734638,-2.0
K562_10K_CM_H3K27ME3_nan_nan_2_0_hg19,K562,10K,CM,H3K27ME3,,,,2,0,/fhgfs/groups/lab_bock/shared/projects/chipmentation/data/mapped/K562_10K_CM_H3K27ME3_nan_nan_2_0_hg19.trimmed.bowtie2.shifted.dups.bam,hg19,SE,50.0,,26019592.0,26019592.0,498828.0,18467478.0,7053286.0,98.0,,25228817.0,0.0,0.0,3000432.0,0.0,0.0,11.892899999999999,,1.048535,0.1039979,-2.0
K562_10K_CM_H3K27ME3_nan_nan_2_1_hg19,K562,10K,CM,H3K27ME3,,,CM12-6,2,1,/fhgfs/groups/lab_bock/shared/projects/chipmentation/data/mapped/K562_10K_CM_H3K27ME3_nan_nan_2_1_hg19.trimmed.bowtie2.shifted.dups.bam,hg19,SE,50.0,,12594812.0,12594812.0,244251.0,8956738.0,3393823.0,98.0,,12210050.0,0.0,0.0,914507.0,0.0,0.0,7.4898000000000007,,1.189917,0.09440711,-2.0
K562_10K_CM_H3K27ME3_nan_nan_2_2_hg19,K562,10K,CM,H3K27ME3,,,CM12-6,2,2,/fhgfs/groups/lab_bock/shared/projects/chipmentation/data/mapped/K562_10K_CM_H3K27ME3_nan_nan_2_2_hg19.trimmed.bowtie2.shifted.dups.bam,hg19,SE,50.0,,13424780.0,13424780.0,254577.0,9510740.0,3659463.0,98.0,,13018767.0,0.0,0.0,1015865.0,0.0,0.0,7.8030999999999988,,1.218594,0.08653846,-2.0
K562_10K_CM_H3K4ME3_nan_nan_0_0_hg19,K562,10K,CM,H3K4ME3,,,,0,0,/fhgfs/groups/lab_bock/shared/projects/chipmentation/data/mapped/K562_10K_CM_H3K4ME3_nan_nan_0_0_hg19.trimmed.bowtie2.shifted.dups.bam,hg19,SE,50.0,,,,,,,,,,,,,,,,,1.079045,0.09401827,-2.0
K562_10K_CM_H3K4ME3_nan_nan_3_0_hg19,K562,10K,CM,H3K4ME3,,,,3,0,/fhgfs/groups/lab_bock/shared/projects/chipmentation/data/mapped/K562_10K_CM_H3K4ME3_nan_nan_3_0_hg19.trimmed.bowtie2.shifted.dups.bam,hg19,SE,50.0,,37048339.0,37048339.0,615476.0,28342811.0,8090052.0,98.0,,36140234.0,0.0,0.0,23738040.0,0.0,0.0,65.68310000000001,,1.038793,0.1005226,-2.0
K562_10K_CM_H3K4ME3_nan_nan_3_1_hg19,K562,10K,CM,H3K4ME3,,,CM11-5,3,1,/fhgfs/groups/lab_bock/shared/projects/chipmentation/data/mapped/K562_10K_CM_H3K4ME3_nan_nan_3_1_hg19.trimmed.bowtie2.shifted.dups.bam,hg19,SE,50.0,,11846591.0,11846591.0,204164.0,9068183.0,2574244.0,98.0,,11549807.0,0.0,0.0,4416339.0,0.0,0.0,38.237300000000005,,1.403114,0.1183591,-2.0
K562_10K_CM_H3K4ME3_nan_nan_3_2_hg19,K562,10K,CM,H3K4ME3,,,CM11-5,3,2,/fhgfs/groups/lab_bock/shared/projects/chipmentation/data/mapped/K562_10K_CM_H3K4ME3_nan_nan_3_2_hg19.trimmed.bowtie2.shifted.dups.bam,hg19,SE,50.0,,25201748.0,25201748.0,411312.0,19274628.0,5515808.0,98.0,,24590433.0,0.0,0.0,13943599.0,0.0,0.0,56.703299999999999,,1.040097,0.0986062,-2.0
K562_10K_CM_H3K4ME3_nan_nan_4_0_hg19,K562,10K,CM,H3K4ME3,,,,4,0,/fhgfs/groups/lab_bock/shared/projects/chipmentation/data/mapped/K562_10K_CM_H3K4ME3_nan_nan_4_0_hg19.trimmed.bowtie2.shifted.dups.bam,hg19,SE,50.0,,35357419.0,35357419.0,807990.0,27196013.0,7353416.0,97.0,,34276474.0,0.0,0.0,20515460.0,0.0,0.0,59.852899999999998,,1.074591,0.8130207,0.0
K562_10K_CM_H3K4ME3_nan_nan_4_1_hg19,K562,10K,CM,H3K4ME3,,,CM12-5,4,1,/fhgfs/groups/lab_bock/shared/projects/chipmentation/data/mapped/K562_10K_CM_H3K4ME3_nan_nan_4_1_hg19.trimmed.bowtie2.shifted.dups.bam,hg19,SE,50.0,,11344170.0,11344170.0,266359.0,8744010.0,2333801.0,97.0,,10990639.0,0.0,0.0,3589211.0,0.0,0.0,32.656999999999996,,1.525705,0.1567696,-2.0
K562_10K_CM_H3K4ME3_nan_nan_4_2_hg19,K562,10K,CM,H3K4ME3,,,CM12-5,4,2,/fhgfs/groups/lab_bock/shared/projects/chipmentation/data/mapped/K562_10K_CM_H3K4ME3_nan_nan_4_2_hg19.trimmed.bowtie2.shifted.dups.bam,hg19,SE,50.0,,24013249.0,24013249.0,541631.0,18452003.0,5019615.0,97.0,,23285838.0,0.0,0.0,11687409.0,0.0,0.0,50.191099999999999,,1.285823,0.1261332,-2.0
K562_10K_CM_IGG_nan_nan_0_0_hg19,K562,10K,CM,IGG,,,,0,0,/fhgfs/groups/lab_bock/shared/projects/chipmentation/data/mapped/K562_10K_CM_IGG_nan_nan_0_0_hg19.trimmed.bowtie2.shifted.dups.bam,hg19,SE,50.0,,,,,,,,,,,,,,,,,,,
K562_10K_CM_IGG_nan_nan_3_0_hg19,K562,10K,CM,IGG,,,,3,0,/fhgfs/groups/lab_bock/shared/projects/chipmentation/data/mapped/K562_10K_CM_IGG_nan_nan_3_0_hg19.trimmed.bowtie2.shifted.dups.bam,hg19,SE,50.0,,17612836.0,17612836.0,964161.0,12388695.0,4259980.0,94.0,,16503532.0,0.0,0.0,12869997.0,0.0,0.0,77.9833,,,,
K562_10K_CM_IGG_nan_nan_3_1_hg19,K562,10K,CM,IGG,,,CM11-7,3,1,/fhgfs/groups/lab_bock/shared/projects/chipmentation/data/mapped/K562_10K_CM_IGG_nan_nan_3_1_hg19.trimmed.bowtie2.shifted.dups.bam,hg19,SE,50.0,,4674002.0,4674002.0,245392.0,3324464.0,1104146.0,94.0,,4390958.0,0.0,0.0,2327383.0,0.0,0.0,53.003999999999998,,,,
K562_10K_CM_IGG_nan_nan_3_2_hg19,K562,10K,CM,IGG,,,CM11-7,3,2,/fhgfs/groups/lab_bock/shared/projects/chipmentation/data/mapped/K562_10K_CM_IGG_nan_nan_3_2_hg19.trimmed.bowtie2.shifted.dups.bam,hg19,SE,50.0,,12938834.0,12938834.0,718769.0,9064231.0,3155834.0,94.0,,12112578.0,0.0,0.0,8824816.0,0.0,0.0,72.8566,,,,
K562_10K_CM_IGG_nan_nan_4_0_hg19,K562,10K,CM,IGG,,,,4,0,/fhgfs/groups/lab_bock/shared/projects/chipmentation/data/mapped/K562_10K_CM_IGG_nan_nan_4_0_hg19.trimmed.bowtie2.shifted.dups.bam,hg19,SE,50.0,,45937406.0,45937406.0,3414737.0,31407233.0,11115436.0,92.0,,42140602.0,0.0,0.0,38927529.0,0.0,0.0,92.375400000000013,,,,
K562_10K_CM_IGG_nan_nan_4_1_hg19,K562,10K,CM,IGG,,,CM12-7,4,1,/fhgfs/groups/lab_bock/shared/projects/chipmentation/data/mapped/K562_10K_CM_IGG_nan_nan_4_1_hg19.trimmed.bowtie2.shifted.dups.bam,hg19,SE,50.0,,12805951.0,12805951.0,956504.0,8772420.0,3077027.0,92.0,,11743546.0,0.0,0.0,9587263.0,0.0,0.0,81.638599999999997,,,,
K562_10K_CM_IGG_nan_nan_4_2_hg19,K562,10K,CM,IGG,,,CM12-7,4,2,/fhgfs/groups/lab_bock/shared/projects/chipmentation/data/mapped/K562_10K_CM_IGG_nan_nan_4_2_hg19.trimmed.bowtie2.shifted.dups.bam,hg19,SE,50.0,,33131455.0,33131455.0,2458233.0,22634813.0,8038409.0,92.0,,30397056.0,0.0,0.0,27524796.0,0.0,0.0,90.550899999999999,,,,
K562_10K_CM_IGG_nan_nan_5_1_hg19,K562,10K,CM,IGG,,,CM13-7,5,1,/fhgfs/groups/lab_bock/shared/projects/chipmentation/data/mapped/K562_10K_CM_IGG_nan_nan_5_1_hg19.trimmed.bowtie2.shifted.dups.bam,hg19,SE,50.0,,12200893.0,12200893.0,1578133.0,7924675.0,2698085.0,87.0,,10534525.0,0.0,0.0,7605920.0,0.0,0.0,72.1999,,,,
K562_10M_ATAC_H3K4ME1_nan_PE_1_1_hg19,K562,10M,ATAC,H3K4ME1,,PE,CM26-16,1,1,/fhgfs/groups/lab_bock/shared/projects/chipmentation/data/mapped/K562_10M_ATAC_H3K4ME1_nan_PE_1_1_hg19.trimmed.bowtie2.shifted.dups.bam,hg19,PE,100.0,,17989151.0,0.0,3021750.0,71280.0,25867.0,98.0,,89190,17606458.0,89191.0,18497.0,1341737.0,812.0,7.6538999999999993,109630242.0,1.008843,0.0856491,-2.0
K562_10M_ATAC_PU1_nan_PE_1_1_hg19,K562,10M,ATAC,PU1,,PE,CM26-8,1,1,/fhgfs/groups/lab_bock/shared/projects/chipmentation/data/mapped/K562_10M_ATAC_PU1_nan_PE_1_1_hg19.trimmed.bowtie2.shifted.dups.bam,hg19,PE,100.0,,13476614.0,0.0,4985890.0,51590.0,25509.0,96.0,,68303,12852555.0,68306.0,17445.0,629900.0,51.0,4.9556999999999993,126812006.0,,,
K562_10M_CHIP_CTCF_nan_nan_0_0_hg19,K562,10M,CHIP,CTCF,,,,0,0,/fhgfs/groups/lab_bock/shared/projects/chipmentation/data/mapped/K562_10M_CHIP_CTCF_nan_nan_0_0_hg19.trimmed.bowtie2.dups.bam,hg19,SE,50.0,,,,,,,,,,,,,,,,,1.345362,0.1545214,-2.0
K562_10M_CHIP_CTCF_nan_nan_1_1_hg19,K562,10M,CHIP,CTCF,,,CM15-6,1,1,/fhgfs/groups/lab_bock/shared/projects/chipmentation/data/mapped/K562_10M_CHIP_CTCF_nan_nan_1_1_hg19.trimmed.bowtie2.dups.bam,hg19,SE,50.0,,16731630.0,16731630.0,532844.0,12409655.0,3789131.0,96.0,,16198786.0,0.0,532844.0,3163918.0,0.0,0.0,19.5318,,1.738389,1.607295,2.0
K562_10M_CHIP_CTCF_nan_nan_2_1_hg19,K562,10M,CHIP,CTCF,,,CM16-4,2,1,/fhgfs/groups/lab_bock/shared/projects/chipmentation/data/mapped/K562_10M_CHIP_CTCF_nan_nan_2_1_hg19.trimmed.bowtie2.dups.bam,hg19,SE,50.0,,13292391.0,13292391.0,522739.0,9766915.0,3002737.0,96.0,,12769652.0,0.0,522739.0,4468738.0,0.0,0.0,34.994999999999997,,1.202883,0.2426051,-2.0
K562_10M_CHIP_GATA1_nan_nan_0_0_hg19,K562,10M,CHIP,GATA1,,,,0,0,/fhgfs/groups/lab_bock/shared/projects/chipmentation/data/mapped/K562_10M_CHIP_GATA1_nan_nan_0_0_hg19.trimmed.bowtie2.dups.bam,hg19,SE,50.0,,,,,,,,,,,,,,,,,1.031857,0.1543017,-2.0
K562_10M_CHIP_GATA1_nan_nan_1_0_hg19,K562,10M,CHIP,GATA1,,,,1,0,/fhgfs/groups/lab_bock/shared/projects/chipmentation/data/mapped/K562_10M_CHIP_GATA1_nan_nan_1_0_hg19.trimmed.bowtie2.dups.bam,hg19,SE,50.0,,20908847.0,20908847.0,380667.0,15493858.0,5034322.0,98.0,,20528180.0,0.0,380667.0,8395269.0,0.0,0.0,40.896300000000004,,1.026259,0.1343655,-2.0
K562_10M_CHIP_GATA1_nan_nan_1_1_hg19,K562,10M,CHIP,GATA1,,,CM21-4,1,1,/fhgfs/groups/lab_bock/shared/projects/chipmentation/data/mapped/K562_10M_CHIP_GATA1_nan_nan_1_1_hg19.trimmed.bowtie2.dups.bam,hg19,SE,50.0,,10912574.0,10912574.0,200944.0,8085638.0,2625992.0,98.0,,10711630.0,0.0,200944.0,2834176.0,0.0,0.0,26.458899999999996,,1.021578,0.103476,-2.0
K562_10M_CHIP_GATA1_nan_nan_1_2_hg19,K562,10M,CHIP,GATA1,,,CM21-4,1,2,/fhgfs/groups/lab_bock/shared/projects/chipmentation/data/mapped/K562_10M_CHIP_GATA1_nan_nan_1_2_hg19.trimmed.bowtie2.dups.bam,hg19,SE,50.0,,9996273.0,9996273.0,179723.0,7408220.0,2408330.0,98.0,,9816550.0,0.0,179723.0,2444867.0,0.0,0.0,24.9056,,1.01413,0.07825004,-2.0
K562_10M_CHIP_GATA1_nan_nan_2_1_hg19,K562,10M,CHIP,GATA1,,,CM23-4,2,1,/fhgfs/groups/lab_bock/shared/projects/chipmentation/data/mapped/K562_10M_CHIP_GATA1_nan_nan_2_1_hg19.trimmed.bowtie2.dups.bam,hg19,SE,50.0,,17734841.0,17734841.0,233758.0,13007104.0,4493979.0,98.0,,17501083.0,0.0,233758.0,1476557.0,0.0,0.0,8.4368999999999996,,1.044856,0.1397262,-2.0
K562_10M_CHIP_H3K27AC_nan_nan_1_0_hg19,K562,10M,CHIP,H3K27AC,,,,1,0,/fhgfs/groups/lab_bock/shared/projects/chipmentation/data/mapped/K562_10M_CHIP_H3K27AC_nan_nan_1_0_hg19.trimmed.bowtie2.dups.bam,hg19,SE,50.0,,27503214.0,27503214.0,528524.0,21296497.0,5678193.0,98.0,,26974690.0,0.0,528524.0,14955706.0,0.0,0.0,55.4435,,1.200785,2.327504,2.0
K562_10M_CHIP_H3K27AC_nan_nan_1_1_hg19,K562,10M,CHIP,H3K27AC,,,CM21-5,1,1,/fhgfs/groups/lab_bock/shared/projects/chipmentation/data/mapped/K562_10M_CHIP_H3K27AC_nan_nan_1_1_hg19.trimmed.bowtie2.dups.bam,hg19,SE,50.0,,17386808.0,17386808.0,336942.0,13460333.0,3589533.0,98.0,,17049866.0,0.0,336942.0,7504376.0,0.0,0.0,44.014299999999999,,,,
K562_10M_CHIP_H3K27AC_nan_nan_1_2_hg19,K562,10M,CHIP,H3K27AC,,,CM21-5,1,2,/fhgfs/groups/lab_bock/shared/projects/chipmentation/data/mapped/K562_10M_CHIP_H3K27AC_nan_nan_1_2_hg19.trimmed.bowtie2.dups.bam,hg19,SE,50.0,,10116406.0,10116406.0,191582.0,7836164.0,2088660.0,98.0,,9924824.0,0.0,191582.0,3113123.0,0.0,0.0,31.367000000000001,,1.200356,1.918658,2.0
K562_10M_CHIP_H3K36ME3_nan_nan_1_1_hg19,K562,10M,CHIP,H3K36ME3,,,CM24-8,1,1,/fhgfs/groups/lab_bock/shared/projects/chipmentation/data/mapped/K562_10M_CHIP_H3K36ME3_nan_nan_1_1_hg19.trimmed.bowtie2.dups.bam,hg19,SE,50.0,,24453845.0,24453845.0,255288.0,18254320.0,5944237.0,98.0,,24198557.0,0.0,255288.0,878756.0,0.0,0.0,3.6313999999999997,,1.012371,0.406148,-1.0
K562_10M_CHIP_H3K4ME1_nan_nan_0_0_hg19,K562,10M,CHIP,H3K4ME1,,,,0,0,/fhgfs/groups/lab_bock/shared/projects/chipmentation/data/mapped/K562_10M_CHIP_H3K4ME1_nan_nan_0_0_hg19.trimmed.bowtie2.dups.bam,hg19,SE,50.0,,61063436.0,61063436.0,573604.0,47352091.0,13137741.0,99.0,,60489832.0,0.0,573604.0,4729787.0,0.0,0.0,7.8190999999999997,,1.030226,1.146703,1.0
K562_10M_CHIP_H3K4ME1_nan_nan_1_0_hg19,K562,10M,CHIP,H3K4ME1,,,,1,0,/fhgfs/groups/lab_bock/shared/projects/chipmentation/data/mapped/K562_10M_CHIP_H3K4ME1_nan_nan_1_0_hg19.trimmed.bowtie2.dups.bam,hg19,SE,50.0,,,,,,,,,,,,,,,,,1.01348,0.1308119,-2.0
K562_10M_CHIP_H3K4ME1_nan_nan_1_1_hg19,K562,10M,CHIP,H3K4ME1,,,CM22-9,1,1,/fhgfs/groups/lab_bock/shared/projects/chipmentation/data/mapped/K562_10M_CHIP_H3K4ME1_nan_nan_1_1_hg19.trimmed.bowtie2.dups.bam,hg19,SE,50.0,,24523943.0,24523943.0,221361.0,19073626.0,5228956.0,99.0,,24302582.0,0.0,221361.0,1524335.0,0.0,0.0,6.2723000000000004,,1.064664,0.1892964,-2.0
K562_10M_CHIP_H3K4ME1_nan_nan_1_2_hg19,K562,10M,CHIP,H3K4ME1,,,CM22-9,1,2,/fhgfs/groups/lab_bock/shared/projects/chipmentation/data/mapped/K562_10M_CHIP_H3K4ME1_nan_nan_1_2_hg19.trimmed.bowtie2.dups.bam,hg19,SE,50.0,,,,,,,,,,,,,,,,,1.035318,0.6060935,0.0
K562_10M_CHIP_H3K4ME1_nan_nan_2_1_hg19,K562,10M,CHIP,H3K4ME1,,,CM24-7,2,1,/fhgfs/groups/lab_bock/shared/projects/chipmentation/data/mapped/K562_10M_CHIP_H3K4ME1_nan_nan_2_1_hg19.trimmed.bowtie2.dups.bam,hg19,SE,50.0,,25448971.0,25448971.0,250632.0,19646113.0,5552226.0,99.0,,25198339.0,0.0,250632.0,855169.0,0.0,0.0,3.3938000000000001,,1.014101,0.05858919,-2.0
K562_10M_CHIP_IGG_nan_nan_0_0_hg19,K562,10M,CHIP,IGG,,,,0,0,/fhgfs/groups/lab_bock/shared/projects/chipmentation/data/mapped/K562_10M_CHIP_IGG_nan_nan_0_0_hg19.trimmed.bowtie2.dups.bam,hg19,SE,50.0,,59116425.0,59116425.0,2759400.0,41695618.0,14661407.0,95.0,,56357025.0,0.0,2759400.0,29138069.0,0.0,0.0,51.702599999999997,,,,
K562_10M_CHIP_IGG_nan_nan_1_0_hg19,K562,10M,CHIP,IGG,,,,1,0,/fhgfs/groups/lab_bock/shared/projects/chipmentation/data/mapped/K562_10M_CHIP_IGG_nan_nan_1_0_hg19.trimmed.bowtie2.dups.bam,hg19,SE,50.0,,31818701.0,31818701.0,1308357.0,22585594.0,7924750.0,95.0,,30510344.0,0.0,1308357.0,12418831.0,0.0,0.0,40.703699999999998,,,,
K562_10M_CHIP_IGG_nan_nan_1_1_hg19,K562,10M,CHIP,IGG,,,CM15-8,1,1,/fhgfs/groups/lab_bock/shared/projects/chipmentation/data/mapped/K562_10M_CHIP_IGG_nan_nan_1_1_hg19.trimmed.bowtie2.dups.bam,hg19,SE,50.0,,948246.0,948246.0,31944.0,674696.0,241606.0,96.0,,916302.0,0.0,31944.0,14167.0,0.0,0.0,1.5461,,,,
K562_10M_CHIP_IGG_nan_nan_1_1_hg19,K562,10M,CHIP,IGG,,,CM21-6,1,1,/fhgfs/groups/lab_bock/shared/projects/chipmentation/data/mapped/K562_10M_CHIP_IGG_nan_nan_1_1_hg19.trimmed.bowtie2.dups.bam,hg19,SE,50.0,,948246.0,948246.0,31944.0,674696.0,241606.0,96.0,,916302.0,0.0,31944.0,14167.0,0.0,0.0,1.5461,,,,
K562_10M_CHIP_IGG_nan_nan_2_1_hg19,K562,10M,CHIP,IGG,,,CM16-6,2,1,/fhgfs/groups/lab_bock/shared/projects/chipmentation/data/mapped/K562_10M_CHIP_IGG_nan_nan_2_1_hg19.trimmed.bowtie2.dups.bam,hg19,SE,50.0,,12999527.0,12999527.0,910486.0,8775394.0,3313647.0,93.0,,12089041.0,0.0,910486.0,7959470.0,0.0,0.0,65.840400000000002,,,,
K562_10M_CHIP_IGG_nan_nan_3_1_hg19,K562,10M,CHIP,IGG,,,CM22-10,3,1,/fhgfs/groups/lab_bock/shared/projects/chipmentation/data/mapped/K562_10M_CHIP_IGG_nan_nan_3_1_hg19.trimmed.bowtie2.dups.bam,hg19,SE,50.0,,14298197.0,14298197.0,540557.0,10334630.0,3423010.0,96.0,,13757640.0,0.0,540557.0,8517879.0,0.0,0.0,61.913799999999995,,,,
K562_10M_CHIP_PU1_nan_nan_0_0_hg19,K562,10M,CHIP,PU1,,,,0,0,/fhgfs/groups/lab_bock/shared/projects/chipmentation/data/mapped/K562_10M_CHIP_PU1_nan_nan_0_0_hg19.trimmed.bowtie2.dups.bam,hg19,SE,50.0,,27116600.0,27116600.0,626075.0,19742961.0,6747564.0,97.0,,26490525.0,0.0,626075.0,3475901.0,0.0,0.0,13.121300000000002,,1.033867,0.1220324,-2.0
K562_10M_CHIP_PU1_nan_nan_1_1_hg19,K562,10M,CHIP,PU1,,,CM15-5,1,1,/fhgfs/groups/lab_bock/shared/projects/chipmentation/data/mapped/K562_10M_CHIP_PU1_nan_nan_1_1_hg19.trimmed.bowtie2.dups.bam,hg19,SE,50.0,,13663300.0,13663300.0,346037.0,9879125.0,3438138.0,97.0,,13317263.0,0.0,346037.0,924234.0,0.0,0.0,6.9401000000000002,,1.123191,0.7153852,0.0
K562_10M_CHIP_PU1_nan_nan_2_1_hg19,K562,10M,CHIP,PU1,,,CM16-5,2,1,/fhgfs/groups/lab_bock/shared/projects/chipmentation/data/mapped/K562_10M_CHIP_PU1_nan_nan_2_1_hg19.trimmed.bowtie2.dups.bam,hg19,SE,50.0,,13453300.0,13453300.0,280038.0,9863836.0,3309426.0,97.0,,13173262.0,0.0,280038.0,2326247.0,0.0,0.0,17.658900000000003,,1.018522,0.0799403,-2.0
K562_10M_CHIP_REST_nan_nan_0_0_hg19,K562,10M,CHIP,REST,,,,0,0,/fhgfs/groups/lab_bock/shared/projects/chipmentation/data/mapped/K562_10M_CHIP_REST_nan_nan_0_0_hg19.trimmed.bowtie2.dups.bam,hg19,SE,50.0,,46073075.0,46073075.0,697653.0,33881311.0,11494111.0,98.0,,45375422.0,0.0,697653.0,7188346.0,0.0,0.0,15.841900000000001,,1.033957,0.127881,-2.0
K562_10M_CHIP_REST_nan_nan_1_0_hg19,K562,10M,CHIP,REST,,,,1,0,/fhgfs/groups/lab_bock/shared/projects/chipmentation/data/mapped/K562_10M_CHIP_REST_nan_nan_1_0_hg19.trimmed.bowtie2.dups.bam,hg19,SE,50.0,,27078470.0,27078470.0,414408.0,19913503.0,6750559.0,98.0,,26664062.0,0.0,414408.0,5267504.0,0.0,0.0,19.755099999999999,,1.032289,0.122093,-2.0
K562_10M_CHIP_REST_nan_nan_1_1_hg19,K562,10M,CHIP,REST,,,CM22-7,1,1,/fhgfs/groups/lab_bock/shared/projects/chipmentation/data/mapped/K562_10M_CHIP_REST_nan_nan_1_1_hg19.trimmed.bowtie2.dups.bam,hg19,SE,50.0,,14247702.0,14247702.0,218169.0,10475549.0,3553984.0,98.0,,14029533.0,0.0,218169.0,1674856.0,0.0,0.0,11.9381,,1.008086,0.06343793,-2.0
K562_10M_CHIP_REST_nan_nan_1_2_hg19,K562,10M,CHIP,REST,,,CM22-7,1,2,/fhgfs/groups/lab_bock/shared/projects/chipmentation/data/mapped/K562_10M_CHIP_REST_nan_nan_1_2_hg19.trimmed.bowtie2.dups.bam,hg19,SE,50.0,,12830768.0,12830768.0,196239.0,9437954.0,3196575.0,98.0,,12634529.0,0.0,196239.0,1386165.0,0.0,0.0,10.9712,,1.006841,0.04784138,-2.0
K562_10M_CHIP_REST_nan_nan_2_1_hg19,K562,10M,CHIP,REST,,,CM24-6,2,1,/fhgfs/groups/lab_bock/shared/projects/chipmentation/data/mapped/K562_10M_CHIP_REST_nan_nan_2_1_hg19.trimmed.bowtie2.dups.bam,hg19,SE,50.0,,18994605.0,18994605.0,283245.0,13967808.0,4743552.0,98.0,,18711360.0,0.0,283245.0,1624272.0,0.0,0.0,8.6807000000000016,,1.025322,0.09662293,-2.0
K562_10M_CM_CTCF_nan_nan_0_0_hg19,K562,10M,CM,CTCF,,,,0,0,/fhgfs/groups/lab_bock/shared/projects/chipmentation/data/mapped/K562_10M_CM_CTCF_nan_nan_0_0_hg19.trimmed.bowtie2.shifted.dups.bam,hg19,SE,50.0,,22235398.0,22235398.0,619086.0,16677963.0,4938349.0,97.0,,21464024.0,0.0,0.0,2570691.0,0.0,0.0,11.976700000000001,,1.510348,0.1930544,-2.0
K562_10M_CM_CTCF_nan_nan_1_1_hg19,K562,10M,CM,CTCF,,,CM15-2,1,1,/fhgfs/groups/lab_bock/shared/projects/chipmentation/data/mapped/K562_10M_CM_CTCF_nan_nan_1_1_hg19.trimmed.bowtie2.shifted.dups.bam,hg19,SE,50.0,,11830997.0,11830997.0,220123.0,9054844.0,2556030.0,98.0,,11547623.0,0.0,0.0,850323.0,0.0,0.0,7.3636000000000008,,1.19496,0.8187279,0.0
K562_10M_CM_CTCF_nan_nan_2_1_hg19,K562,10M,CM,CTCF,,,CM16-2,2,1,/fhgfs/groups/lab_bock/shared/projects/chipmentation/data/mapped/K562_10M_CM_CTCF_nan_nan_2_1_hg19.trimmed.bowtie2.shifted.dups.bam,hg19,SE,50.0,,10404401.0,10404401.0,398963.0,7623119.0,2382319.0,96.0,,9916403.0,0.0,0.0,1298687.0,0.0,0.0,13.096399999999999,,1.451695,0.1292962,-2.0
K562_10M_CM_GATA1_nan_nan_0_0_hg19,K562,10M,CM,GATA1,,,,0,0,/fhgfs/groups/lab_bock/shared/projects/chipmentation/data/mapped/K562_10M_CM_GATA1_nan_nan_0_0_hg19.trimmed.bowtie2.shifted.dups.bam,hg19,SE,50.0,,,,,,,,,,,,,,,,,1.059869,0.1379885,-2.0
K562_10M_CM_GATA1_nan_nan_1_0_hg19,K562,10M,CM,GATA1,,,,1,0,/fhgfs/groups/lab_bock/shared/projects/chipmentation/data/mapped/K562_10M_CM_GATA1_nan_nan_1_0_hg19.trimmed.bowtie2.shifted.dups.bam,hg19,SE,50.0,,18086796.0,18086796.0,411468.0,12967425.0,4707903.0,97.0,,17441095.0,0.0,0.0,1759853.0,0.0,0.0,10.090299999999999,,1.068101,0.1368216,-2.0
K562_10M_CM_GATA1_nan_nan_1_1_hg19,K562,10M,CM,GATA1,,,CM21-1,1,1,/fhgfs/groups/lab_bock/shared/projects/chipmentation/data/mapped/K562_10M_CM_GATA1_nan_nan_1_1_hg19.trimmed.bowtie2.shifted.dups.bam,hg19,SE,50.0,,9865706.0,9865706.0,226291.0,7072902.0,2566513.0,97.0,,9511980.0,0.0,0.0,622952.0,0.0,0.0,6.5490999999999993,,1.264176,0.1447612,-2.0
K562_10M_CM_GATA1_nan_nan_1_2_hg19,K562,10M,CM,GATA1,,,CM21-1,1,2,/fhgfs/groups/lab_bock/shared/projects/chipmentation/data/mapped/K562_10M_CM_GATA1_nan_nan_1_2_hg19.trimmed.bowtie2.shifted.dups.bam,hg19,SE,50.0,,8221090.0,8221090.0,185177.0,5894523.0,2141390.0,97.0,,7929115.0,0.0,0.0,453187.0,0.0,0.0,5.7154999999999996,,1.393743,0.1720688,-2.0
K562_10M_CM_GATA1_nan_nan_2_1_hg19,K562,10M,CM,GATA1,,,CM23-1,2,1,/fhgfs/groups/lab_bock/shared/projects/chipmentation/data/mapped/K562_10M_CM_GATA1_nan_nan_2_1_hg19.trimmed.bowtie2.shifted.dups.bam,hg19,SE,50.0,,16679429.0,16679429.0,267591.0,11984676.0,4427162.0,98.0,,16198975.0,0.0,0.0,1276876.0,0.0,0.0,7.8824000000000005,,1.075659,0.1468813,-2.0
K562_10M_CM_H3K27AC_nan_nan_0_0_hg19,K562,10M,CM,H3K27AC,,,,0,0,/fhgfs/groups/lab_bock/shared/projects/chipmentation/data/mapped/K562_10M_CM_H3K27AC_nan_nan_0_0_hg19.trimmed.bowtie2.shifted.dups.bam,hg19,SE,50.0,,,,,,,,,,,,,,,,,1.031323,0.1345769,-2.0
K562_10M_CM_H3K27AC_nan_nan_1_0_hg19,K562,10M,CM,H3K27AC,,,,1,0,/fhgfs/groups/lab_bock/shared/projects/chipmentation/data/mapped/K562_10M_CM_H3K27AC_nan_nan_1_0_hg19.trimmed.bowtie2.shifted.dups.bam,hg19,SE,50.0,,19377579.0,19377579.0,261191.0,15184554.0,3931834.0,98.0,,19032202.0,0.0,0.0,3201965.0,0.0,0.0,16.823899999999998,,1.05052,0.2108304,-2.0
K562_10M_CM_H3K27AC_nan_nan_1_1_hg19,K562,10M,CM,H3K27AC,,,CM21-2,1,1,/fhgfs/groups/lab_bock/shared/projects/chipmentation/data/mapped/K562_10M_CM_H3K27AC_nan_nan_1_1_hg19.trimmed.bowtie2.shifted.dups.bam,hg19,SE,50.0,,10812360.0,10812360.0,147861.0,8469844.0,2194655.0,98.0,,10617258.0,0.0,0.0,1125560.0,0.0,0.0,10.601199999999999,,1.096967,1.083796,1.0
K562_10M_CM_H3K27AC_nan_nan_1_2_hg19,K562,10M,CM,H3K27AC,,,CM21-2,1,2,/fhgfs/groups/lab_bock/shared/projects/chipmentation/data/mapped/K562_10M_CM_H3K27AC_nan_nan_1_2_hg19.trimmed.bowtie2.shifted.dups.bam,hg19,SE,50.0,,8565219.0,8565219.0,113330.0,6714710.0,1737179.0,98.0,,8414944.0,0.0,0.0,737255.0,0.0,0.0,8.7613000000000003,,1.199283,0.8214286,0.0
K562_10M_CM_H3K27AC_nan_nan_2_1_hg19,K562,10M,CM,H3K27AC,,,CM23-2,2,1,/fhgfs/groups/lab_bock/shared/projects/chipmentation/data/mapped/K562_10M_CM_H3K27AC_nan_nan_2_1_hg19.trimmed.bowtie2.shifted.dups.bam,hg19,SE,50.0,,10356848.0,10356848.0,78330.0,7999505.0,2279013.0,99.0,,10231238.0,0.0,0.0,841453.0,0.0,0.0,8.224400000000001,,1.149619,0.8035714,0.0
K562_10M_CM_H3K36ME3_nan_nan_0_0_hg19,K562,10M,CM,H3K36ME3,,,,0,0,/fhgfs/groups/lab_bock/shared/projects/chipmentation/data/mapped/K562_10M_CM_H3K36ME3_nan_nan_0_0_hg19.trimmed.bowtie2.shifted.dups.bam,hg19,SE,50.0,,,,,,,,,,,,,,,,,1.035704,0.1137437,-2.0
K562_10M_CM_H3K36ME3_nan_nan_1_1_hg19,K562,10M,CM,H3K36ME3,,,CM24-3,1,1,/fhgfs/groups/lab_bock/shared/projects/chipmentation/data/mapped/K562_10M_CM_H3K36ME3_nan_nan_1_1_hg19.trimmed.bowtie2.shifted.dups.bam,hg19,SE,50.0,,21628106.0,21628106.0,440978.0,15852068.0,5335060.0,97.0,,21083001.0,0.0,0.0,4091949.0,0.0,0.0,19.408799999999999,,1.077999,0.1101028,-2.0
K562_10M_CM_H3K36ME3_nan_nan_2_1_hg19,K562,10M,CM,H3K36ME3,,,CM27-8,2,1,/fhgfs/groups/lab_bock/shared/projects/chipmentation/data/mapped/K562_10M_CM_H3K36ME3_nan_nan_2_1_hg19.trimmed.bowtie2.shifted.dups.bam,hg19,SE,50.0,,18738407.0,18738407.0,220687.0,13827508.0,4690212.0,98.0,,18432637.0,0.0,0.0,1911199.0,0.0,0.0,10.368599999999999,,1.01532,0.090237,-2.0
K562_10M_CM_H3K4ME1_nan_PE_1_1_hg19,K562,10M,CM,H3K4ME1,,PE,CM26-15,1,1,/fhgfs/groups/lab_bock/shared/projects/chipmentation/data/mapped/K562_10M_CM_H3K4ME1_nan_PE_1_1_hg19.trimmed.bowtie2.shifted.dups.bam,hg19,PE,100.0,,25372361.0,0.0,3916160.0,100821.0,27487.0,98.0,,120678,24863700.0,120678.0,30710.0,2147433.0,1371.0,8.6775000000000002,135603708.0,1.093216,0.7422734,0.0
K562_10M_CM_H3K4ME1_nan_nan_0_0_hg19,K562,10M,CM,H3K4ME1,,,,0,0,/fhgfs/groups/lab_bock/shared/projects/chipmentation/data/mapped/K562_10M_CM_H3K4ME1_nan_nan_0_0_hg19.trimmed.bowtie2.shifted.dups.bam,hg19,SE,50.0,,,,,,,,,,,,,,,,,1.050939,0.9154092,0.0
K562_10M_CM_H3K4ME1_nan_nan_1_0_hg19,K562,10M,CM,H3K4ME1,,,,1,0,/fhgfs/groups/lab_bock/shared/projects/chipmentation/data/mapped/K562_10M_CM_H3K4ME1_nan_nan_1_0_hg19.trimmed.bowtie2.shifted.dups.bam,hg19,SE,50.0,,14683831.0,14683831.0,303040.0,11397124.0,2983667.0,97.0,,14317803.0,0.0,0.0,1842649.0,0.0,0.0,12.8696,,1.056636,0.8711249,0.0
K562_10M_CM_H3K4ME1_nan_nan_1_1_hg19,K562,10M,CM,H3K4ME1,,,CM22-4,1,1,/fhgfs/groups/lab_bock/shared/projects/chipmentation/data/mapped/K562_10M_CM_H3K4ME1_nan_nan_1_1_hg19.trimmed.bowtie2.shifted.dups.bam,hg19,SE,50.0,,11201092.0,11201092.0,231090.0,8693492.0,2276510.0,97.0,,10922005.0,0.0,0.0,1120021.0,0.0,0.0,10.2547,,1.058382,0.8328173,0.0
K562_10M_CM_H3K4ME1_nan_nan_1_2_hg19,K562,10M,CM,H3K4ME1,,,CM22-4,1,2,/fhgfs/groups/lab_bock/shared/projects/chipmentation/data/mapped/K562_10M_CM_H3K4ME1_nan_nan_1_2_hg19.trimmed.bowtie2.shifted.dups.bam,hg19,SE,50.0,,3482739.0,3482739.0,71950.0,2703632.0,707157.0,97.0,,3395799.0,0.0,0.0,125046.0,0.0,0.0,3.6824000000000003,,1.068652,0.6899391,0.0
K562_10M_CM_H3K4ME1_nan_nan_2_1_hg19,K562,10M,CM,H3K4ME1,,,CM24-2,2,1,/fhgfs/groups/lab_bock/shared/projects/chipmentation/data/mapped/K562_10M_CM_H3K4ME1_nan_nan_2_1_hg19.trimmed.bowtie2.shifted.dups.bam,hg19,SE,50.0,,13216471.0,13216471.0,313076.0,10115652.0,2787743.0,97.0,,12842302.0,0.0,0.0,1454499.0,0.0,0.0,11.325799999999999,,1.05733,0.7662193,0.0
K562_10M_CM_IGG_nan_nan_0_0_hg19,K562,10M,CM,IGG,,,,0,0,/fhgfs/groups/lab_bock/shared/projects/chipmentation/data/mapped/K562_10M_CM_IGG_nan_nan_0_0_hg19.trimmed.bowtie2.shifted.dups.bam,hg19,SE,50.0,,,,,,,,,,,,,,,,,,,
K562_10M_CM_IGG_nan_nan_1_1_hg19,K562,10M,CM,IGG,,,CM15-4,1,1,/fhgfs/groups/lab_bock/shared/projects/chipmentation/data/mapped/K562_10M_CM_IGG_nan_nan_1_1_hg19.trimmed.bowtie2.shifted.dups.bam,hg19,SE,50.0,,13561441.0,13561441.0,247967.0,9857308.0,3456166.0,98.0,,13237168.0,0.0,0.0,1819587.0,0.0,0.0,13.746,,,,
K562_10M_CM_IGG_nan_nan_2_1_hg19,K562,10M,CM,IGG,,,CM16-3,2,1,/fhgfs/groups/lab_bock/shared/projects/chipmentation/data/mapped/K562_10M_CM_IGG_nan_nan_2_1_hg19.trimmed.bowtie2.shifted.dups.bam,hg19,SE,50.0,,12858450.0,12858450.0,437546.0,9086384.0,3334520.0,96.0,,12309212.0,0.0,0.0,3159920.0,0.0,0.0,25.671199999999999,,,,
K562_10M_CM_IGG_nan_nan_3_1_hg19,K562,10M,CM,IGG,,,CM18-11,3,1,/fhgfs/groups/lab_bock/shared/projects/chipmentation/data/mapped/K562_10M_CM_IGG_nan_nan_3_1_hg19.trimmed.bowtie2.shifted.dups.bam,hg19,SE,50.0,,1507.0,1507.0,781.0,529.0,197.0,48.0,,726.0,0.0,0.0,0.0,0.0,0.0,0.0,,,,
K562_10M_CM_IGG_nan_nan_4_1_hg19,K562,10M,CM,IGG,,,CM21-3,4,1,/fhgfs/groups/lab_bock/shared/projects/chipmentation/data/mapped/K562_10M_CM_IGG_nan_nan_4_1_hg19.trimmed.bowtie2.shifted.dups.bam,hg19,SE,50.0,,5670213.0,5670213.0,461269.0,3837677.0,1371267.0,91.0,,5162596.0,0.0,0.0,1617146.0,0.0,0.0,31.324300000000001,,,,
K562_10M_CM_IGG_nan_nan_5_1_hg19,K562,10M,CM,IGG,,,CM22-5,5,1,/fhgfs/groups/lab_bock/shared/projects/chipmentation/data/mapped/K562_10M_CM_IGG_nan_nan_5_1_hg19.trimmed.bowtie2.shifted.dups.bam,hg19,SE,50.0,,10716675.0,10716675.0,250836.0,7800136.0,2665703.0,97.0,,10400169.0,0.0,0.0,3450938.0,0.0,0.0,33.181600000000003,,,,
K562_10M_CM_PU1_nan_PE_1_1_hg19,K562,10M,CM,PU1,,PE,CM26-7,1,1,/fhgfs/groups/lab_bock/shared/projects/chipmentation/data/mapped/K562_10M_CM_PU1_nan_PE_1_1_hg19.trimmed.bowtie2.shifted.dups.bam,hg19,PE,100.0,,27976709.0,0.0,8819510.0,121728.0,52345.0,97.0,,159133,26887927.0,159148.0,62700.0,3532545.0,127.0,13.215499999999999,93157360.0,1.004927,0.03916505,-2.0
K562_10M_CM_PU1_nan_nan_0_0_hg19,K562,10M,CM,PU1,,,,0,0,/fhgfs/groups/lab_bock/shared/projects/chipmentation/data/mapped/K562_10M_CM_PU1_nan_nan_0_0_hg19.trimmed.bowtie2.shifted.dups.bam,hg19,SE,50.0,,,,,,,,,,,,,,,,,1.042431,0.08372394,-2.0
K562_10M_CM_PU1_nan_nan_1_0_hg19,K562,10M,CM,PU1,,,,1,0,/fhgfs/groups/lab_bock/shared/projects/chipmentation/data/mapped/K562_10M_CM_PU1_nan_nan_1_0_hg19.trimmed.bowtie2.shifted.dups.bam,hg19,SE,50.0,,65539103.0,65539103.0,1208268.0,47723071.0,16607764.0,98.0,,63909059.0,0.0,0.0,10009579.0,0.0,0.0,15.6622,,1.032657,0.1335695,-2.0
K562_10M_CM_PU1_nan_nan_1_1_hg19,K562,10M,CM,PU1,,,CM15-1,1,1,/fhgfs/groups/lab_bock/shared/projects/chipmentation/data/mapped/K562_10M_CM_PU1_nan_nan_1_1_hg19.trimmed.bowtie2.shifted.dups.bam,hg19,SE,50.0,,14926568.0,14926568.0,261390.0,10948213.0,3716965.0,98.0,,14589765.0,0.0,0.0,908376.0,0.0,0.0,6.2261000000000006,,1.026304,0.5584136,0.0
K562_10M_CM_PU1_nan_nan_1_2_hg19,K562,10M,CM,PU1,,,CM15-1,1,2,/fhgfs/groups/lab_bock/shared/projects/chipmentation/data/mapped/K562_10M_CM_PU1_nan_nan_1_2_hg19.trimmed.bowtie2.shifted.dups.bam,hg19,SE,50.0,,50612535.0,50612535.0,946878.0,36774858.0,12890799.0,98.0,,49319296.0,0.0,0.0,7661236.0,0.0,0.0,15.534000000000001,,1.033393,0.1349633,-2.0
K562_10M_CM_PU1_nan_nan_2_0_hg19,K562,10M,CM,PU1,,,,2,0,/fhgfs/groups/lab_bock/shared/projects/chipmentation/data/mapped/K562_10M_CM_PU1_nan_nan_2_0_hg19.trimmed.bowtie2.shifted.dups.bam,hg19,SE,50.0,,,,,,,,,,,,,,,,,1.062114,0.09716779,-2.0
K562_10M_CM_PU1_nan_nan_2_1_hg19,K562,10M,CM,PU1,,,CM16-1,2,1,/fhgfs/groups/lab_bock/shared/projects/chipmentation/data/mapped/K562_10M_CM_PU1_nan_nan_2_1_hg19.trimmed.bowtie2.shifted.dups.bam,hg19,SE,50.0,,13231293.0,13231293.0,324130.0,9530983.0,3376180.0,97.0,,12791811.0,0.0,0.0,1016794.0,0.0,0.0,7.9488000000000003,,1.080787,0.480156,-1.0
K562_10M_CM_PU1_nan_nan_2_2_hg19,K562,10M,CM,PU1,,,CM16-1,2,2,/fhgfs/groups/lab_bock/shared/projects/chipmentation/data/mapped/K562_10M_CM_PU1_nan_nan_2_2_hg19.trimmed.bowtie2.shifted.dups.bam,hg19,SE,50.0,,50181231.0,50181231.0,1267400.0,36081617.0,12832214.0,97.0,,48476920.0,0.0,0.0,9785225.0,0.0,0.0,20.185300000000002,,1.061217,0.09460712,-2.0
K562_10M_CM_PU1_nan_nan_2_3_hg19,K562,10M,CM,PU1,,,CM18-9,2,3,/fhgfs/groups/lab_bock/shared/projects/chipmentation/data/mapped/K562_10M_CM_PU1_nan_nan_2_3_hg19.trimmed.bowtie2.shifted.dups.bam,hg19,SE,50.0,,384.0,384.0,292.0,70.0,22.0,23.0,,92.0,0.0,0.0,0.0,0.0,0.0,0.0,,,,
K562_10M_CM_REST_nan_nan_0_0_hg19,K562,10M,CM,REST,,,,0,0,/fhgfs/groups/lab_bock/shared/projects/chipmentation/data/mapped/K562_10M_CM_REST_nan_nan_0_0_hg19.trimmed.bowtie2.shifted.dups.bam,hg19,SE,50.0,,41152638.0,41152638.0,1220875.0,29421862.0,10509901.0,97.0,,39607375.0,0.0,0.0,9623226.0,0.0,0.0,24.296599999999998,,1.036356,0.1243159,-2.0
K562_10M_CM_REST_nan_nan_1_0_hg19,K562,10M,CM,REST,,,,1,0,/fhgfs/groups/lab_bock/shared/projects/chipmentation/data/mapped/K562_10M_CM_REST_nan_nan_1_0_hg19.trimmed.bowtie2.shifted.dups.bam,hg19,SE,50.0,,16482402.0,16482402.0,479900.0,11798777.0,4203725.0,97.0,,15875191.0,0.0,0.0,3057894.0,0.0,0.0,19.2621,,1.040819,0.1497559,-2.0
K562_10M_CM_REST_nan_nan_1_1_hg19,K562,10M,CM,REST,,,CM22-2,1,1,/fhgfs/groups/lab_bock/shared/projects/chipmentation/data/mapped/K562_10M_CM_REST_nan_nan_1_1_hg19.trimmed.bowtie2.shifted.dups.bam,hg19,SE,50.0,,7354237.0,7354237.0,215586.0,5265772.0,1872879.0,97.0,,7082130.0,0.0,0.0,777808.0,0.0,0.0,10.982699999999999,,1.087778,0.2941338,-1.0
K562_10M_CM_REST_nan_nan_1_2_hg19,K562,10M,CM,REST,,,CM22-2,1,2,/fhgfs/groups/lab_bock/shared/projects/chipmentation/data/mapped/K562_10M_CM_REST_nan_nan_1_2_hg19.trimmed.bowtie2.shifted.dups.bam,hg19,SE,50.0,,9128165.0,9128165.0,264314.0,6533005.0,2330846.0,97.0,,8793061.0,0.0,0.0,1120137.0,0.0,0.0,12.738900000000001,,1.906429,0.1984127,-2.0
K562_10M_CM_REST_nan_nan_2_1_hg19,K562,10M,CM,REST,,,CM24-1,2,1,/fhgfs/groups/lab_bock/shared/projects/chipmentation/data/mapped/K562_10M_CM_REST_nan_nan_2_1_hg19.trimmed.bowtie2.shifted.dups.bam,hg19,SE,50.0,,24670236.0,24670236.0,740975.0,17623085.0,6306176.0,97.0,,23732185.0,0.0,0.0,6124427.0,0.0,0.0,25.806399999999996,,1.039425,0.1335541,-2.0
K562_1K_CM_H3K27ME3_nan_nan_1_1_hg19,K562,1K,CM,H3K27ME3,,,CM17-4,1,1,/fhgfs/groups/lab_bock/shared/projects/chipmentation/data/mapped/K562_1K_CM_H3K27ME3_nan_nan_1_1_hg19.trimmed.bowtie2.shifted.dups.bam,hg19,SE,50.0,,9976657.0,9976657.0,232374.0,7179623.0,2564660.0,97.0,,9666627.0,0.0,0.0,721830.0,0.0,0.0,7.4672000000000001,,1.293528,0.08104839,-2.0
K562_1K_CM_H3K4ME3_nan_nan_2_1_hg19,K562,1K,CM,H3K4ME3,,,CM17-3,2,1,/fhgfs/groups/lab_bock/shared/projects/chipmentation/data/mapped/K562_1K_CM_H3K4ME3_nan_nan_2_1_hg19.trimmed.bowtie2.shifted.dups.bam,hg19,SE,50.0,,14298783.0,14298783.0,266763.0,10442186.0,3589834.0,98.0,,13911664.0,0.0,0.0,2772008.0,0.0,0.0,19.925799999999999,,1.165301,0.08232446,-2.0
K562_500K_ATAC_H3K4ME3_nan_01ULTN5_PE_1_1_hg19,K562,500K,ATAC,H3K4ME3,,01ULTN5_PE,CM25-6,1,1,/fhgfs/groups/lab_bock/shared/projects/chipmentation/data/mapped/K562_500K_ATAC_H3K4ME3_nan_01ULTN5_PE_1_1_hg19.trimmed.bowtie2.shifted.dups.bam,hg19,PE,100.0,,11615337.0,0.0,2252290.0,55886.0,20625.0,98.0,,68522,11297406.0,68522.0,23453.0,988543.0,2024.0,8.8271999999999995,60841924.0,,,
K562_500K_ATAC_INPUT_nan_01ULTN5_PE_1_1_hg19,K562,500K,ATAC,INPUT,,01ULTN5_PE,CM25,1,1,/fhgfs/groups/lab_bock/shared/projects/chipmentation/data/mapped/K562_500K_ATAC_INPUT_nan_01ULTN5_PE_1_1_hg19.trimmed.bowtie2.shifted.dups.bam,hg19,PE,100.0,,13668707.0,0.0,3480840.0,62616.0,31773.0,97.0,,82303,13181897.0,82311.0,23714.0,1082811.0,358.0,8.2784999999999993,75802128.0,,,
K562_500K_CHIP_H3K27AC_nan_nan_1_1_hg19,K562,500K,CHIP,H3K27AC,,,CM14-6,1,1,/fhgfs/groups/lab_bock/shared/projects/chipmentation/data/mapped/K562_500K_CHIP_H3K27AC_nan_nan_1_1_hg19.trimmed.bowtie2.dups.bam,hg19,SE,50.0,,7714041.0,7714041.0,84338.0,5881717.0,1747986.0,98.0,,7629703.0,0.0,84338.0,384942.0,0.0,0.0,5.0453000000000001,,1.082724,0.8547811,0.0
K562_500K_CHIP_H3K27ME3_nan_nan_0_0_hg19,K562,500K,CHIP,H3K27ME3,,,,0,0,/fhgfs/groups/lab_bock/shared/projects/chipmentation/data/mapped/K562_500K_CHIP_H3K27ME3_nan_nan_0_0_hg19.trimmed.bowtie2.dups.bam,hg19,SE,50.0,,64884937.0,64884937.0,935148.0,47305927.0,16643862.0,98.0,,63949789.0,0.0,935148.0,3310301.0,0.0,0.0,5.1764000000000001,,1.011664,0.06183174,-2.0
K562_500K_CHIP_H3K27ME3_nan_nan_1_0_hg19,K562,500K,CHIP,H3K27ME3,,,,1,0,/fhgfs/groups/lab_bock/shared/projects/chipmentation/data/mapped/K562_500K_CHIP_H3K27ME3_nan_nan_1_0_hg19.trimmed.bowtie2.dups.bam,hg19,SE,50.0,,33279554.0,33279554.0,466972.0,24247971.0,8564611.0,98.0,,32812582.0,0.0,466972.0,1286717.0,0.0,0.0,3.9213999999999998,,1.01065,0.05465872,-2.0
K562_500K_CHIP_H3K27ME3_nan_nan_1_1_hg19,K562,500K,CHIP,H3K27ME3,,,CM11-10,1,1,/fhgfs/groups/lab_bock/shared/projects/chipmentation/data/mapped/K562_500K_CHIP_H3K27ME3_nan_nan_1_1_hg19.trimmed.bowtie2.dups.bam,hg19,SE,50.0,,18482144.0,18482144.0,265843.0,13468581.0,4747720.0,98.0,,18216301.0,0.0,265843.0,574112.0,0.0,0.0,3.1516000000000002,,1.019824,0.07057026,-2.0
K562_500K_CHIP_H3K27ME3_nan_nan_1_2_hg19,K562,500K,CHIP,H3K27ME3,,,CM11-10,1,2,/fhgfs/groups/lab_bock/shared/projects/chipmentation/data/mapped/K562_500K_CHIP_H3K27ME3_nan_nan_1_2_hg19.trimmed.bowtie2.dups.bam,hg19,SE,50.0,,14797410.0,14797410.0,201129.0,10779390.0,3816891.0,98.0,,14596281.0,0.0,201129.0,424266.0,0.0,0.0,2.9067000000000003,,1.024412,0.0884098,-2.0
K562_500K_CHIP_H3K27ME3_nan_nan_2_0_hg19,K562,500K,CHIP,H3K27ME3,,,,2,0,/fhgfs/groups/lab_bock/shared/projects/chipmentation/data/mapped/K562_500K_CHIP_H3K27ME3_nan_nan_2_0_hg19.trimmed.bowtie2.dups.bam,hg19,SE,50.0,,31605383.0,31605383.0,468176.0,23057956.0,8079251.0,98.0,,31137207.0,0.0,468176.0,1557866.0,0.0,0.0,5.0031999999999996,,1.020866,0.08096579,-2.0
K562_500K_CHIP_H3K27ME3_nan_nan_2_1_hg19,K562,500K,CHIP,H3K27ME3,,,CM12-10,2,1,/fhgfs/groups/lab_bock/shared/projects/chipmentation/data/mapped/K562_500K_CHIP_H3K27ME3_nan_nan_2_1_hg19.trimmed.bowtie2.dups.bam,hg19,SE,50.0,,15325577.0,15325577.0,231368.0,11191024.0,3903185.0,98.0,,15094209.0,0.0,231368.0,524149.0,0.0,0.0,3.4724999999999997,,1.01978,0.0755416,-2.0
K562_500K_CHIP_H3K27ME3_nan_nan_2_2_hg19,K562,500K,CHIP,H3K27ME3,,,CM12-10,2,2,/fhgfs/groups/lab_bock/shared/projects/chipmentation/data/mapped/K562_500K_CHIP_H3K27ME3_nan_nan_2_2_hg19.trimmed.bowtie2.dups.bam,hg19,SE,50.0,,16279806.0,16279806.0,236808.0,11866932.0,4176066.0,98.0,,16042998.0,0.0,236808.0,583015.0,0.0,0.0,3.6341000000000006,,1.016152,0.06339945,-2.0
K562_500K_CHIP_H3K4ME3_nan_nan_0_0_hg19,K562,500K,CHIP,H3K4ME3,,,,0,0,/fhgfs/groups/lab_bock/shared/projects/chipmentation/data/mapped/K562_500K_CHIP_H3K4ME3_nan_nan_0_0_hg19.trimmed.bowtie2.dups.bam,hg19,SE,50.0,,33609531.0,33609531.0,425899.0,25988204.0,7195428.0,98.0,,33183632.0,0.0,425899.0,2789644.0,0.0,0.0,8.4067000000000007,,1.024591,0.1385152,-2.0
K562_500K_CHIP_H3K4ME3_nan_nan_1_0_hg19,K562,500K,CHIP,H3K4ME3,,,,1,0,/fhgfs/groups/lab_bock/shared/projects/chipmentation/data/mapped/K562_500K_CHIP_H3K4ME3_nan_nan_1_0_hg19.trimmed.bowtie2.dups.bam,hg19,SE,50.0,,,,,,,,,,,,,,,,,1.025861,0.1390415,-2.0
K562_500K_CHIP_H3K4ME3_nan_nan_1_1_hg19,K562,500K,CHIP,H3K4ME3,,,CM11-9,1,1,/fhgfs/groups/lab_bock/shared/projects/chipmentation/data/mapped/K562_500K_CHIP_H3K4ME3_nan_nan_1_1_hg19.trimmed.bowtie2.dups.bam,hg19,SE,50.0,,18610366.0,18610366.0,226047.0,14295278.0,4089041.0,98.0,,18384319.0,0.0,226047.0,1144590.0,0.0,0.0,6.2259000000000002,,1.025858,0.08289364,-2.0
K562_500K_CHIP_H3K4ME3_nan_nan_1_2_hg19,K562,500K,CHIP,H3K4ME3,,,CM11-9,1,2,/fhgfs/groups/lab_bock/shared/projects/chipmentation/data/mapped/K562_500K_CHIP_H3K4ME3_nan_nan_1_2_hg19.trimmed.bowtie2.dups.bam,hg19,SE,50.0,,1563.0,1563.0,1365.0,104.0,94.0,12.0,,198.0,0.0,1365.0,1.0,0.0,0.0,0.50509999999999999,,,,
K562_500K_CHIP_H3K4ME3_nan_nan_1_3_hg19,K562,500K,CHIP,H3K4ME3,,,CM11-9,1,3,/fhgfs/groups/lab_bock/shared/projects/chipmentation/data/mapped/K562_500K_CHIP_H3K4ME3_nan_nan_1_3_hg19.trimmed.bowtie2.dups.bam,hg19,SE,50.0,,13994703.0,13994703.0,154167.0,10757654.0,3082882.0,98.0,,13840536.0,0.0,154167.0,705047.0,0.0,0.0,5.0941000000000001,,1.024565,0.07833542,-2.0
K562_500K_CHIP_H3K4ME3_nan_nan_2_0_hg19,K562,500K,CHIP,H3K4ME3,,,,2,0,"['/fhgfs/groups/lab_bsf/samples/BSF_0120_C5CVMACXX/BSF_0120_C5CVMACXX_2_samples/BSF_0120_C5CVMACXX_2#CM12_9_H3K4me3_500k_normalChIP.bam', '/fhgfs/groups/lab_bsf/samples/BSF_0109_C4W36ACXX/BSF_0109_C4W36ACXX_3_samples/BSF_0109_C4W36ACXX_3#CM12-9_H3K4me3_500k_normalChIP.bam']",hg19,,,,,,,,,,,,,,,,,,,1.21012,0.1110717,-2.0
K562_500K_CHIP_H3K4ME3_nan_nan_2_1_hg19,K562,500K,CHIP,H3K4ME3,,,CM12-9,2,1,/fhgfs/groups/lab_bock/shared/projects/chipmentation/data/mapped/K562_500K_CHIP_H3K4ME3_nan_nan_2_1_hg19.trimmed.bowtie2.dups.bam,hg19,SE,50.0,,14999165.0,14999165.0,199852.0,11692926.0,3106387.0,98.0,,14799313.0,0.0,199852.0,841086.0,0.0,0.0,5.6833,,1.024204,0.2074018,-2.0
K562_500K_CHIP_H3K4ME3_nan_nan_2_2_hg19,K562,500K,CHIP,H3K4ME3,,,CM12-9,2,2,['/fhgfs/groups/lab_bsf/samples/BSF_0120_C5CVMACXX/BSF_0120_C5CVMACXX_2_samples/BSF_0120_C5CVMACXX_2#CM12_9_H3K4me3_500k_normalChIP.bam'],hg19,,,,,,,,,,,,,,,,,,,1.247682,0.1017387,-2.0
K562_500K_CHIP_IGG_nan_nan_0_0_hg19,K562,500K,CHIP,IGG,,,,0,0,/fhgfs/groups/lab_bock/shared/projects/chipmentation/data/mapped/K562_500K_CHIP_IGG_nan_nan_0_0_hg19.trimmed.bowtie2.dups.bam,hg19,SE,50.0,,68911839.0,68911839.0,4097668.0,47639498.0,17174673.0,94.0,,64814171.0,0.0,4097668.0,18209663.0,0.0,0.0,28.095199999999998,,,,
K562_500K_CHIP_IGG_nan_nan_1_1_hg19,K562,500K,CHIP,IGG,,,CM11-11,1,1,/fhgfs/groups/lab_bock/shared/projects/chipmentation/data/mapped/K562_500K_CHIP_IGG_nan_nan_1_1_hg19.trimmed.bowtie2.dups.bam,hg19,SE,50.0,,32545198.0,32545198.0,539561.0,23477408.0,8528229.0,98.0,,32005637.0,0.0,539561.0,4448339.0,0.0,0.0,13.8986,,,,
K562_500K_CHIP_IGG_nan_nan_2_0_hg19,K562,500K,CHIP,IGG,,,,2,0,/fhgfs/groups/lab_bock/shared/projects/chipmentation/data/mapped/K562_500K_CHIP_IGG_nan_nan_2_0_hg19.trimmed.bowtie2.dups.bam,hg19,SE,50.0,,36366641.0,36366641.0,3558107.0,24162090.0,8646444.0,90.0,,32808534.0,0.0,3558107.0,13437952.0,0.0,0.0,40.9587,,,,
K562_500K_CHIP_IGG_nan_nan_2_1_hg19,K562,500K,CHIP,IGG,,,CM12-11,2,1,/fhgfs/groups/lab_bock/shared/projects/chipmentation/data/mapped/K562_500K_CHIP_IGG_nan_nan_2_1_hg19.trimmed.bowtie2.dups.bam,hg19,SE,50.0,,16149386.0,16149386.0,1579617.0,10739324.0,3830445.0,90.0,,14569769.0,0.0,1579617.0,3411015.0,0.0,0.0,23.4116,,,,
K562_500K_CHIP_IGG_nan_nan_2_2_hg19,K562,500K,CHIP,IGG,,,CM12-11,2,2,/fhgfs/groups/lab_bock/shared/projects/chipmentation/data/mapped/K562_500K_CHIP_IGG_nan_nan_2_2_hg19.trimmed.bowtie2.dups.bam,hg19,SE,50.0,,20217255.0,20217255.0,1978490.0,13422766.0,4815999.0,90.0,,18238765.0,0.0,1978490.0,5060836.0,0.0,0.0,27.747699999999998,,,,
K562_500K_CM_CTCF_nan_nan_0_0_hg19,K562,500K,CM,CTCF,,,,0,0,/fhgfs/groups/lab_bock/shared/projects/chipmentation/data/mapped/K562_500K_CM_CTCF_nan_nan_0_0_hg19.trimmed.bowtie2.shifted.dups.bam,hg19,SE,50.0,,,,,,,,,,,,,,,,,1.036928,0.09758224,-2.0
K562_500K_CM_CTCF_nan_nan_1_1_hg19,K562,500K,CM,CTCF,,,CM27-2,1,1,/fhgfs/groups/lab_bock/shared/projects/chipmentation/data/mapped/K562_500K_CM_CTCF_nan_nan_1_1_hg19.trimmed.bowtie2.shifted.dups.bam,hg19,SE,50.0,,10464133.0,10464133.0,164263.0,7619391.0,2680479.0,98.0,,10212408.0,0.0,0.0,4054116.0,0.0,0.0,39.697899999999997,,1.06921,0.09960055,-2.0
K562_500K_CM_CTCF_nan_nan_2_1_hg19,K562,500K,CM,CTCF,,,ChIP15-1,2,1,/fhgfs/groups/lab_bock/shared/projects/chipmentation/data/mapped/K562_500K_CM_CTCF_nan_nan_2_1_hg19.trimmed.bowtie2.shifted.dups.bam,hg19,SE,50.0,,10772645.0,10772645.0,292513.0,7869526.0,2610606.0,97.0,,10413178.0,0.0,0.0,798592.0,0.0,0.0,7.6690999999999994,,1.518271,0.163144,-2.0
K562_500K_CM_H3K27ME3_nan_nan_0_0_hg19,K562,500K,CM,H3K27ME3,,,,0,0,/fhgfs/groups/lab_bock/shared/projects/chipmentation/data/mapped/K562_500K_CM_H3K27ME3_nan_nan_0_0_hg19.trimmed.bowtie2.shifted.dups.bam,hg19,SE,50.0,,46350625.0,46350625.0,943609.0,33795274.0,11611742.0,97.0,,45003122.0,0.0,0.0,6445343.0,0.0,0.0,14.322000000000001,,1.030255,0.08316671,-2.0
K562_500K_CM_H3K27ME3_nan_nan_1_0_hg19,K562,500K,CM,H3K27ME3,,,,1,0,/fhgfs/groups/lab_bock/shared/projects/chipmentation/data/mapped/K562_500K_CM_H3K27ME3_nan_nan_1_0_hg19.trimmed.bowtie2.shifted.dups.bam,hg19,SE,50.0,,22064368.0,22064368.0,483668.0,16063779.0,5516921.0,97.0,,21385432.0,0.0,0.0,2889997.0,0.0,0.0,13.513900000000001,,1.042465,0.1028763,-2.0
K562_500K_CM_H3K27ME3_nan_nan_1_1_hg19,K562,500K,CM,H3K27ME3,,,CM11-2,1,1,/fhgfs/groups/lab_bock/shared/projects/chipmentation/data/mapped/K562_500K_CM_H3K27ME3_nan_nan_1_1_hg19.trimmed.bowtie2.shifted.dups.bam,hg19,SE,50.0,,6892915.0,6892915.0,155791.0,5047765.0,1689359.0,97.0,,6677380.0,0.0,0.0,426044.0,0.0,0.0,6.3803999999999998,,,,
K562_500K_CM_H3K27ME3_nan_nan_1_2_hg19,K562,500K,CM,H3K27ME3,,,CM11-2,1,2,/fhgfs/groups/lab_bock/shared/projects/chipmentation/data/mapped/K562_500K_CM_H3K27ME3_nan_nan_1_2_hg19.trimmed.bowtie2.shifted.dups.bam,hg19,SE,50.0,,15171453.0,15171453.0,327877.0,11016014.0,3827562.0,97.0,,14708053.0,0.0,0.0,1491227.0,0.0,0.0,10.1388,,1.044437,0.1025125,-2.0
K562_500K_CM_H3K27ME3_nan_nan_2_0_hg19,K562,500K,CM,H3K27ME3,,,,2,0,/fhgfs/groups/lab_bock/shared/projects/chipmentation/data/mapped/K562_500K_CM_H3K27ME3_nan_nan_2_0_hg19.trimmed.bowtie2.shifted.dups.bam,hg19,SE,50.0,,24286257.0,24286257.0,459941.0,17731495.0,6094821.0,98.0,,23617690.0,0.0,0.0,2942612.0,0.0,0.0,12.4594,,1.036262,0.09365781,-2.0
K562_500K_CM_H3K27ME3_nan_nan_2_1_hg19,K562,500K,CM,H3K27ME3,,,CM12-2,2,1,/fhgfs/groups/lab_bock/shared/projects/chipmentation/data/mapped/K562_500K_CM_H3K27ME3_nan_nan_2_1_hg19.trimmed.bowtie2.shifted.dups.bam,hg19,SE,50.0,,11286985.0,11286985.0,217300.0,8266892.0,2802793.0,98.0,,10973579.0,0.0,0.0,823510.0,0.0,0.0,7.5045000000000002,,1.044225,0.1089496,-2.0
K562_500K_CM_H3K27ME3_nan_nan_2_2_hg19,K562,500K,CM,H3K27ME3,,,CM12-2,2,2,/fhgfs/groups/lab_bock/shared/projects/chipmentation/data/mapped/K562_500K_CM_H3K27ME3_nan_nan_2_2_hg19.trimmed.bowtie2.shifted.dups.bam,hg19,SE,50.0,,12999272.0,12999272.0,242641.0,9464603.0,3292028.0,98.0,,12644111.0,0.0,0.0,1015453.0,0.0,0.0,8.0310000000000006,,1.045182,0.1095116,-2.0
K562_500K_CM_H3K4ME3_nan_02ULTN5_PE_1_1_hg19,K562,500K,CM,H3K4ME3,,02ULTN5_PE,CM25-1,1,1,/fhgfs/groups/lab_bock/shared/projects/chipmentation/data/mapped/K562_500K_CM_H3K4ME3_nan_02ULTN5_PE_1_1_hg19.trimmed.bowtie2.shifted.dups.bam,hg19,PE,100.0,,13425746.0,0.0,3040550.0,85491.0,25491.0,98.0,,103106,13012923.0,103110.0,60661.0,5598878.0,3415.0,43.087900000000005,10374657.0,1.241831,0.9366739,0.0
K562_500K_CM_H3K4ME3_nan_05ULTN5_PE_1_1_hg19,K562,500K,CM,H3K4ME3,,05ULTN5_PE,CM25-2,1,1,/fhgfs/groups/lab_bock/shared/projects/chipmentation/data/mapped/K562_500K_CM_H3K4ME3_nan_05ULTN5_PE_1_1_hg19.trimmed.bowtie2.shifted.dups.bam,hg19,PE,100.0,,13052416.0,0.0,2509210.0,63335.0,20902.0,98.0,,77403,12696099.0,77405.0,31979.0,1388418.0,2612.0,11.028099999999998,53820909.0,1.238595,0.874629,0.0
K562_500K_CM_H3K4ME3_nan_1ULTN5_PE_1_1_hg19,K562,500K,CM,H3K4ME3,,1ULTN5_PE,CM25-3,1,1,/fhgfs/groups/lab_bock/shared/projects/chipmentation/data/mapped/K562_500K_CM_H3K4ME3_nan_1ULTN5_PE_1_1_hg19.trimmed.bowtie2.shifted.dups.bam,hg19,PE,100.0,,12767587.0,0.0,2308450.0,59482.0,19962.0,98.0,,72762,12435674.0,72763.0,26323.0,540563.0,2332.0,4.4397000000000002,139432418.0,1.21018,0.8820175,0.0
K562_500K_CM_H3K4ME3_nan_5ULTN5_PE_1_1_hg19,K562,500K,CM,H3K4ME3,,5ULTN5_PE,CM25-4,1,1,/fhgfs/groups/lab_bock/shared/projects/chipmentation/data/mapped/K562_500K_CM_H3K4ME3_nan_5ULTN5_PE_1_1_hg19.trimmed.bowtie2.shifted.dups.bam,hg19,PE,100.0,,,,,,,,,,,,,,,,,1.193144,0.9335878,0.0
K562_500K_CM_H3K4ME3_nan_nan_0_0_hg19,K562,500K,CM,H3K4ME3,,,,0,0,/fhgfs/groups/lab_bock/shared/projects/chipmentation/data/mapped/K562_500K_CM_H3K4ME3_nan_nan_0_0_hg19.trimmed.bowtie2.shifted.dups.bam,hg19,SE,50.0,,56077532.0,56077532.0,788119.0,43762140.0,11527273.0,98.0,,54830435.0,0.0,0.0,14153779.0,0.0,0.0,25.813700000000001,,1.061177,0.1406938,-2.0
K562_500K_CM_H3K4ME3_nan_nan_1_0_hg19,K562,500K,CM,H3K4ME3,,,,1,0,/fhgfs/groups/lab_bock/shared/projects/chipmentation/data/mapped/K562_500K_CM_H3K4ME3_nan_nan_1_0_hg19.trimmed.bowtie2.shifted.dups.bam,hg19,SE,50.0,,28139774.0,28139774.0,424298.0,21725270.0,5990206.0,98.0,,27481898.0,0.0,0.0,5875094.0,0.0,0.0,21.3781,,1.239466,0.1245304,-2.0
K562_500K_CM_H3K4ME3_nan_nan_1_1_hg19,K562,500K,CM,H3K4ME3,,,CM11-1,1,1,/fhgfs/groups/lab_bock/shared/projects/chipmentation/data/mapped/K562_500K_CM_H3K4ME3_nan_nan_1_1_hg19.trimmed.bowtie2.shifted.dups.bam,hg19,SE,50.0,,12846388.0,12846388.0,200574.0,9920662.0,2725152.0,98.0,,12539673.0,0.0,0.0,1552515.0,0.0,0.0,12.380799999999999,,1.276732,0.1088838,-2.0
K562_500K_CM_H3K4ME3_nan_nan_1_2_hg19,K562,500K,CM,H3K4ME3,,,CM11-1,1,2,/fhgfs/groups/lab_bock/shared/projects/chipmentation/data/mapped/K562_500K_CM_H3K4ME3_nan_nan_1_2_hg19.trimmed.bowtie2.shifted.dups.bam,hg19,SE,50.0,,15293386.0,15293386.0,223724.0,11804608.0,3265054.0,98.0,,14942225.0,0.0,0.0,2080979.0,0.0,0.0,13.9268,,1.365502,0.1302966,-2.0
K562_500K_CM_H3K4ME3_nan_nan_2_0_hg19,K562,500K,CM,H3K4ME3,,,,2,0,/fhgfs/groups/lab_bock/shared/projects/chipmentation/data/mapped/K562_500K_CM_H3K4ME3_nan_nan_2_0_hg19.trimmed.bowtie2.shifted.dups.bam,hg19,SE,50.0,,,,,,,,,,,,,,,,,1.309003,0.1738499,-2.0
K562_500K_CM_H3K4ME3_nan_nan_2_1_hg19,K562,500K,CM,H3K4ME3,,,CM12-1,2,1,/fhgfs/groups/lab_bock/shared/projects/chipmentation/data/mapped/K562_500K_CM_H3K4ME3_nan_nan_2_1_hg19.trimmed.bowtie2.shifted.dups.bam,hg19,SE,50.0,,,,,,,,,,,,,,,,,1.105673,0.9004019,0.0
K562_500K_CM_H3K4ME3_nan_nan_2_2_hg19,K562,500K,CM,H3K4ME3,,,CM12-1,2,2,/fhgfs/groups/lab_bock/shared/projects/chipmentation/data/mapped/K562_500K_CM_H3K4ME3_nan_nan_2_2_hg19.trimmed.bowtie2.shifted.dups.bam,hg19,SE,50.0,,,,,,,,,,,,,,,,,1.456022,0.1817676,-2.0
K562_500K_CM_IGG_nan_1ULTN5_PE_1_1_hg19,K562,500K,CM,IGG,,1ULTN5_PE,CM25-5,1,1,/fhgfs/groups/lab_bock/shared/projects/chipmentation/data/mapped/K562_500K_CM_IGG_nan_1ULTN5_PE_1_1_hg19.trimmed.bowtie2.shifted.dups.bam,hg19,PE,100.0,,14672785.0,0.0,5522700.0,69313.0,31507.0,96.0,,91490,13985516.0,91504.0,56080.0,6013570.0,458.0,43.058199999999999,11158067.0,,,
K562_500K_CM_IGG_nan_nan_0_0_hg19,K562,500K,CM,IGG,,,,0,0,/fhgfs/groups/lab_bock/shared/projects/chipmentation/data/mapped/K562_500K_CM_IGG_nan_nan_0_0_hg19.trimmed.bowtie2.shifted.dups.bam,hg19,SE,50.0,,,,,,,,,,,,,,,,,,,
K562_500K_CM_IGG_nan_nan_1_0_hg19,K562,500K,CM,IGG,,,,1,0,/fhgfs/groups/lab_bock/shared/projects/chipmentation/data/mapped/K562_500K_CM_IGG_nan_nan_1_0_hg19.trimmed.bowtie2.shifted.dups.bam,hg19,SE,50.0,,34263776.0,34263776.0,787374.0,24917904.0,8558498.0,97.0,,33190464.0,0.0,0.0,16611089.0,0.0,0.0,50.047799999999995,,,,
K562_500K_CM_IGG_nan_nan_1_1_hg19,K562,500K,CM,IGG,,,CM11-3,1,1,/fhgfs/groups/lab_bock/shared/projects/chipmentation/data/mapped/K562_500K_CM_IGG_nan_nan_1_1_hg19.trimmed.bowtie2.shifted.dups.bam,hg19,SE,50.0,,12015747.0,12015747.0,281022.0,8750724.0,2984001.0,97.0,,11634753.0,0.0,0.0,3120742.0,0.0,0.0,26.822600000000001,,,,
K562_500K_CM_IGG_nan_nan_1_2_hg19,K562,500K,CM,IGG,,,CM11-3,1,2,/fhgfs/groups/lab_bock/shared/projects/chipmentation/data/mapped/K562_500K_CM_IGG_nan_nan_1_2_hg19.trimmed.bowtie2.shifted.dups.bam,hg19,SE,50.0,,22248029.0,22248029.0,506352.0,16167180.0,5574497.0,97.0,,21555711.0,0.0,0.0,8540000.0,0.0,0.0,39.618299999999998,,,,
K562_500K_CM_IGG_nan_nan_2_0_hg19,K562,500K,CM,IGG,,,,2,0,/fhgfs/groups/lab_bock/shared/projects/chipmentation/data/mapped/K562_500K_CM_IGG_nan_nan_2_0_hg19.trimmed.bowtie2.shifted.dups.bam,hg19,SE,50.0,,,,,,,,,,,,,,,,,,,
K562_500K_CM_IGG_nan_nan_2_1_hg19,K562,500K,CM,IGG,,,CM12-3,2,1,['/fhgfs/groups/lab_bsf/samples/BSF_0109_C4W36ACXX/BSF_0109_C4W36ACXX_3_samples/BSF_0109_C4W36ACXX_3#CM12-3_IgG_500k_TAG.bam'],hg19,,,,,,,,,,,,,,,,,,,,,
K562_500K_CM_IGG_nan_nan_2_2_hg19,K562,500K,CM,IGG,,,CM12-3,2,2,/fhgfs/groups/lab_bock/shared/projects/chipmentation/data/mapped/K562_500K_CM_IGG_nan_nan_2_2_hg19.trimmed.bowtie2.shifted.dups.bam,hg19,SE,50.0,,18412113.0,18412113.0,691358.0,13127215.0,4593540.0,96.0,,17558800.0,0.0,0.0,8916777.0,0.0,0.0,50.782399999999996,,,,
K562_500K_CM_IGG_nan_nan_3_1_hg19,K562,500K,CM,IGG,,,CM13-6,3,1,/fhgfs/groups/lab_bock/shared/projects/chipmentation/data/mapped/K562_500K_CM_IGG_nan_nan_3_1_hg19.trimmed.bowtie2.shifted.dups.bam,hg19,SE,50.0,,7474797.0,7474797.0,1256466.0,4677528.0,1540803.0,83.0,,6169580.0,0.0,0.0,2147304.0,0.0,0.0,34.804699999999997,,,,
K562_500K_CM_PU1_nan_nan_0_0_hg19,K562,500K,CM,PU1,,,,0,0,/fhgfs/groups/lab_bock/shared/projects/chipmentation/data/mapped/K562_500K_CM_PU1_nan_nan_0_0_hg19.trimmed.bowtie2.shifted.dups.bam,hg19,SE,50.0,,,,,,,,,,,,,,,,,1.01838,0.09546653,-2.0
K562_500K_CM_PU1_nan_nan_1_1_hg19,K562,500K,CM,PU1,,,CM11-4,1,1,/fhgfs/groups/lab_bock/shared/projects/chipmentation/data/mapped/K562_500K_CM_PU1_nan_nan_1_1_hg19.trimmed.bowtie2.shifted.dups.bam,hg19,SE,50.0,,9937246.0,9937246.0,196141.0,7176835.0,2564270.0,98.0,,9656411.0,0.0,0.0,677287.0,0.0,0.0,7.0138999999999996,,1.028451,0.1127238,-2.0
K562_500K_CM_PU1_nan_nan_2_1_hg19,K562,500K,CM,PU1,,,ChIP15-3,2,1,/fhgfs/groups/lab_bock/shared/projects/chipmentation/data/mapped/K562_500K_CM_PU1_nan_nan_2_1_hg19.trimmed.bowtie2.shifted.dups.bam,hg19,SE,50.0,,4121056.0,4121056.0,154139.0,2952792.0,1014125.0,96.0,,3940259.0,0.0,0.0,192623.0,0.0,0.0,4.8886000000000003,,1.06739,0.1330798,-2.0
K562_500K_CM_PU1_nan_nan_3_1_hg19,K562,500K,CM,PU1,,,CM27-4,3,1,/fhgfs/groups/lab_bock/shared/projects/chipmentation/data/mapped/K562_500K_CM_PU1_nan_nan_3_1_hg19.trimmed.bowtie2.shifted.dups.bam,hg19,SE,50.0,,10438095.0,10438095.0,201498.0,7322776.0,2913821.0,98.0,,10146376.0,0.0,0.0,1315310.0,0.0,0.0,12.9633,,1.049592,0.07776256,-2.0
K562_50K_ATAC_nan_nan_nan_0_0_hg19,K562,50K,ATAC,,,,,0,0,/fhgfs/groups/lab_bock/shared/projects/chipmentation/data/mapped/K562_50K_ATAC_nan_nan_nan_0_0_hg19.trimmed.bowtie2.shifted.dups.bam,hg19,SE,50.0,,84543930.0,84543930.0,1114134.0,49567948.0,33861848.0,98.0,,82686887.0,0.0,0.0,46007660.0,0.0,0.0,55.640799999999999,,,,
K562_50K_ATAC_nan_nan_nan_1_1_hg19,K562,50K,ATAC,,,,ATAC21-2,1,1,/fhgfs/groups/lab_bock/shared/projects/chipmentation/data/mapped/K562_50K_ATAC_nan_nan_nan_1_1_hg19.trimmed.bowtie2.shifted.dups.bam,hg19,SE,50.0,,51962519.0,51962519.0,604235.0,26958449.0,24399835.0,98.0,,50968569.0,0.0,0.0,33478875.0,0.0,0.0,65.685299999999998,,,,
K562_50K_ATAC_nan_nan_nan_2_1_hg19,K562,50K,ATAC,,,,ATAC21-4,2,1,/fhgfs/groups/lab_bock/shared/projects/chipmentation/data/mapped/K562_50K_ATAC_nan_nan_nan_2_1_hg19.trimmed.bowtie2.shifted.dups.bam,hg19,SE,50.0,,32581411.0,32581411.0,509899.0,22609499.0,9462013.0,98.0,,31718318.0,0.0,0.0,10740084.0,0.0,0.0,33.860800000000005,,,,
PBMC_nan_ATAC_H3K4ME3_nan_100PG_1_0_hg19,PBMC,,ATAC,H3K4ME3,,100PG,,1,0,/fhgfs/groups/lab_bock/shared/projects/chipmentation/data/mapped/PBMC_nan_ATAC_H3K4ME3_nan_100PG_1_0_hg19.trimmed.bowtie2.shifted.dups.bam,hg19,SE,50.0,,,,,,,,,,,,,,,,,1.07867,0.1329059,-2.0
PBMC_nan_ATAC_H3K4ME3_nan_100PG_1_1_hg19,PBMC,,ATAC,H3K4ME3,,100PG,,1,1,/fhgfs/groups/lab_bock/shared/projects/chipmentation/data/mapped/PBMC_nan_ATAC_H3K4ME3_nan_100PG_1_1_hg19.trimmed.bowtie2.shifted.dups.bam,hg19,SE,50.0,,8393968.0,8393968.0,4727808.0,2664815.0,1001345.0,43.0,,3626047.0,0.0,0.0,355689.0,0.0,0.0,9.8093000000000004,,1.072713,0.1232164,-2.0
PBMC_nan_ATAC_H3K4ME3_nan_100PG_1_2_hg19,PBMC,,ATAC,H3K4ME3,,100PG,,1,2,/fhgfs/groups/lab_bock/shared/projects/chipmentation/data/mapped/PBMC_nan_ATAC_H3K4ME3_nan_100PG_1_2_hg19.trimmed.bowtie2.shifted.dups.bam,hg19,SE,50.0,,6235612.0,6235612.0,4121663.0,1550781.0,563168.0,33.0,,2090607.0,0.0,0.0,168688.0,0.0,0.0,8.0688999999999993,,1.383368,0.2095731,-2.0
PBMC_nan_ATAC_H3K4ME3_nan_10PG_1_1_hg19,PBMC,,ATAC,H3K4ME3,,10PG,,1,1,['/fhgfs/groups/lab_bsf/samples/BSF_0086_C3NY0ACXX/BSF_0086_C3NY0ACXX_2_samples/BSF_0086_C3NY0ACXX_2#H3K4me3_2ug_poly_10pg.bam'],hg19,,,,,,,,,,,,,,,,,,,1.073049,0.08497986,-2.0
PBMC_nan_ATAC_H3K4ME3_nan_2PG_1_1_hg19,PBMC,,ATAC,H3K4ME3,,2PG,,1,1,['/fhgfs/groups/lab_bsf/samples/BSF_0086_C3NY0ACXX/BSF_0086_C3NY0ACXX_2_samples/BSF_0086_C3NY0ACXX_2#H3K4me3_2ug_poly_2pg.bam'],hg19,,,,,,,,,,,,,,,,,,,1.112346,0.123596,-2.0
PBMC_nan_ATAC_INPUT_nan_100PG_1_1_hg19,PBMC,,ATAC,INPUT,,100PG,,1,1,/fhgfs/groups/lab_bock/shared/projects/chipmentation/data/mapped/PBMC_nan_ATAC_INPUT_nan_100PG_1_1_hg19.trimmed.bowtie2.shifted.dups.bam,hg19,SE,50.0,,18751591.0,18751591.0,630444.0,12495311.0,5625836.0,96.0,,17923285.0,0.0,0.0,4890732.0,0.0,0.0,27.286999999999999,,,,
PBMC_nan_ATAC_INPUT_nan_10PG_1_1_hg19,PBMC,,ATAC,INPUT,,10PG,,1,1,['/fhgfs/groups/lab_bsf/samples/BSF_0086_C3NY0ACXX/BSF_0086_C3NY0ACXX_2_samples/BSF_0086_C3NY0ACXX_2#Input_10pg.bam'],hg19,,,,,,,,,,,,,,,,,,,,,
PBMC_nan_ATAC_INPUT_nan_2PG_1_1_hg19,PBMC,,ATAC,INPUT,,2PG,,1,1,['/fhgfs/groups/lab_bsf/samples/BSF_0086_C3NY0ACXX/BSF_0086_C3NY0ACXX_2_samples/BSF_0086_C3NY0ACXX_2#Input_2pg.bam'],hg19,,,,,,,,,,,,,,,,,,,,,
PBMC_nan_CHIP_H3K4ME3_nan_nan_1_1_hg19,PBMC,,CHIP,H3K4ME3,,,,1,1,/fhgfs/groups/lab_bock/shared/projects/chipmentation/data/mapped/PBMC_nan_CHIP_H3K4ME3_nan_nan_1_1_hg19.trimmed.bowtie2.dups.bam,hg19,SE,51.0,,39543850.0,39543850.0,5413958.0,26425914.0,7703978.0,86.0,,34129892.0,0.0,5413958.0,23683166.0,0.0,0.0,69.391300000000001,,1.07297,0.1393601,-2.0
PBMC_nan_CHIP_INPUT_nan_nan_1_1_hg19,PBMC,,CHIP,INPUT,,,,1,1,['/fhgfs/groups/lab_bsf/samples/BSF_0051_D2GW1ACXX/BSF_0051_D2GW1ACXX_4_samples/BSF_0051_D2GW1ACXX_4#DNA_Input_2ug.bam'],hg19,,,,,,,,,,,,,,,,,,,,,
